battery_power,blue,clock_speed,dual_sim,int_memory,fc,four_g
842,0,2.2,0,7,1,0
1021,1,0.5,1,53,0,1
563,1,0.5,1,41,2,1
615,1,2.5,0,10,0,0
1821,1,1.2,0,44,13,1
1859,0,0.5,1,22,3,0
1821,0,1.7,0,10,4,1
1954,0,0.5,1,24,0,0
1445,1,0.5,0,53,0,0
509,1,0.6,1,9,2,1
769,1,2.9,1,9,0,0
1520,1,2.2,0,33,5,1
1815,0,2.8,0,33,2,0
803,1,2.1,0,17,7,0
1866,0,0.5,0,52,13,1
775,0,1,0,46,3,0
838,0,0.5,0,13,1,1
595,0,0.9,1,23,7,1
1131,1,0.5,1,49,11,0
682,1,0.5,0,19,4,0
772,0,1.1,1,39,12,0
1709,1,2.1,0,13,1,0
1949,0,2.6,1,47,4,0
1602,1,2.8,1,38,4,1
503,0,1.2,1,8,5,1
961,1,1.4,1,57,0,1
519,1,1.6,1,51,7,1
956,0,0.5,0,41,1,1
1453,0,1.6,1,52,12,1
851,0,0.5,0,21,3,0
1579,1,0.5,1,5,0,0
1568,1,0.5,0,33,16,0
1319,1,0.9,0,41,3,1
1310,1,2.2,1,51,0,1
644,1,2.7,0,22,0,0
725,0,1.3,1,60,16,0
589,1,2.3,1,61,1,0
1725,1,1.6,1,6,6,1
790,0,2,1,11,16,1
560,0,0.5,1,50,15,0
1347,0,2.9,0,44,5,0
1646,1,2.3,0,41,8,1
1253,1,0.5,1,5,5,1
1656,0,1,0,34,5,1
1195,1,2.8,0,20,1,1
1514,0,2.9,0,27,0,0
1723,1,1.1,1,42,1,0
1054,1,1.8,1,40,3,1
578,1,2.6,1,57,2,1
596,0,2.1,1,64,9,0
1547,1,3,1,14,2,1
1760,0,1.4,1,63,5,0
1654,1,1.5,1,43,0,1
1457,0,1.9,1,16,1,1
1073,1,0.5,1,51,0,0
1936,0,2.1,1,46,10,1
823,1,2.7,1,60,13,0
987,0,1.3,1,61,0,1
1757,0,0.5,0,49,8,0
1063,0,1.4,1,48,2,1
1484,0,3,0,12,3,0
799,1,2.3,0,63,1,1
1156,1,1.2,1,50,0,1
1720,0,2,0,55,15,1
702,0,2.6,1,9,2,1
616,0,1.9,1,44,13,1
1358,1,0.5,0,36,11,1
1866,0,1.4,0,30,0,0
1242,0,1.1,1,10,0,0
1166,0,1.5,1,43,0,1
1448,1,0.5,1,45,6,1
1407,1,2.4,0,22,1,1
605,0,1,0,9,8,1
1038,0,1.2,0,43,3,0
797,1,2.9,1,38,4,0
819,0,0.6,1,42,8,1
1114,0,2.8,0,9,4,1
1234,1,1.6,1,33,1,0
1199,1,2.5,1,16,15,1
1103,0,1,1,29,6,0
1589,1,0.6,1,58,0,1
999,0,2.9,1,64,11,1
1510,1,0.9,1,45,2,0
1008,0,0.8,0,61,11,0
1127,1,2.9,1,57,5,1
1412,1,2.4,0,25,5,0
1496,1,2,1,42,4,0
1083,1,2.9,1,64,1,1
668,0,0.5,1,3,0,0
1309,0,1.1,1,33,0,0
1724,0,2,1,57,2,1
1977,1,2,1,54,7,1
885,0,2.3,1,15,0,1
879,1,2.5,0,14,11,1
1322,0,1.7,1,7,6,0
1137,1,1,0,7,18,0
1355,0,2.3,0,23,10,1
1665,1,0.5,0,60,3,1
657,0,2.5,0,37,0,0
593,0,0.5,0,31,6,0
1883,1,0.5,0,10,3,1
1732,1,1.1,0,12,4,1
543,0,0.5,0,57,0,0
1939,1,2.8,1,55,0,1
553,0,2.4,1,8,1,1
832,0,0.7,1,39,2,1
1661,0,1.9,1,23,5,0
1657,1,2.4,0,42,3,0
1135,1,2,1,46,0,0
1775,1,1.5,0,41,3,0
783,0,1.8,1,43,0,1
617,1,2.3,0,32,0,0
867,0,1.4,1,4,0,1
1310,1,1.1,1,7,13,0
1804,0,0.5,0,22,9,1
1900,1,2.3,0,18,1,1
909,1,1.4,0,53,0,0
1084,1,2.6,0,40,3,1
1308,0,1.3,1,46,8,0
1778,0,0.5,0,15,0,0
1701,1,1.6,1,10,3,0
772,1,2.4,1,10,1,1
825,1,0.5,1,52,7,0
1379,0,1.1,0,36,5,1
1166,0,2,0,25,3,1
1659,0,2.8,0,16,5,0
826,1,2.4,1,58,0,1
1564,0,2.3,0,25,4,1
1957,0,0.9,1,31,11,0
1571,0,1.4,0,19,0,1
1414,0,2,1,54,2,0
1790,0,2.5,1,2,9,0
645,0,0.5,0,41,1,0
668,0,2.9,1,30,7,0
1652,1,1.1,1,36,1,0
1213,1,0.5,0,16,0,0
1272,1,2.5,1,22,0,0
866,0,0.5,1,46,5,1
536,0,2.4,1,3,12,1
523,0,2.6,1,14,1,0
1753,0,0.5,1,31,0,1
1218,0,1.8,1,14,1,1
1537,1,2.5,0,43,4,1
786,0,2.2,1,33,0,0
1678,0,2.1,0,64,3,1
1814,0,1.4,1,9,1,1
1101,0,1.8,0,31,0,0
1461,0,2.4,1,40,3,1
1216,0,3,0,47,4,0
506,0,1.6,0,41,6,1
843,1,0.5,0,56,1,1
742,0,2.2,1,56,4,0
1692,1,2.1,0,61,3,1
1485,0,1,0,32,2,1
1547,0,2.9,1,45,6,0
1692,0,2.3,1,46,4,1
637,0,2.3,0,60,3,1
1224,0,0.5,0,6,16,1
1356,0,2.8,0,29,0,0
1840,0,0.5,1,34,12,0
1481,1,0.7,1,37,4,1
961,1,1.5,1,51,10,0
1296,0,0.9,1,14,0,1
1193,0,0.9,0,26,11,0
1441,0,2.1,1,3,11,1
517,0,1.4,1,33,3,1
748,1,1.7,0,27,0,1
1126,1,2.4,0,10,2,1
1572,0,0.6,0,58,0,1
1569,0,2.8,1,44,17,0
1270,1,0.6,1,32,2,1
1854,0,3,0,8,2,1
625,1,1.2,1,10,5,1
1577,0,0.5,1,42,0,1
534,0,0.5,1,16,0,1
946,0,1.7,1,25,8,1
685,0,0.5,0,29,2,0
1949,0,1.3,1,23,0,0
947,0,0.8,1,22,0,1
801,1,2.2,1,63,2,0
703,1,2.7,0,30,12,1
1165,1,2.4,0,41,11,0
1082,0,0.8,0,38,0,0
959,1,2.6,1,20,15,0
1502,1,1.2,0,54,0,0
1380,1,2.1,1,4,1,1
1266,0,0.5,0,5,0,1
1934,1,2.6,1,46,0,1
1905,1,0.5,0,6,3,1
1831,0,1.4,1,43,2,0
596,0,1.4,0,46,8,0
1562,1,1.3,1,7,1,1
1490,1,0.5,1,64,4,1
1523,1,2.4,0,57,5,1
640,0,0.6,0,20,0,0
1526,0,2.1,0,23,1,1
1989,0,2.5,1,41,0,1
1308,0,1.9,0,61,0,1
609,0,0.5,0,26,3,0
1905,0,0.6,1,36,9,1
1703,1,0.5,0,22,0,1
1445,1,2.4,1,20,7,1
1087,0,1.3,0,16,0,1
671,0,0.9,1,30,10,0
1472,1,2.3,0,61,6,0
765,0,0.5,1,47,0,1
1642,0,0.5,1,8,16,1
1265,0,1.5,0,49,7,0
664,1,1.1,1,51,1,1
1277,1,0.5,1,35,0,1
1395,0,1.8,1,23,0,0
1539,1,2.6,0,41,0,0
1049,1,2.2,0,63,9,0
1827,0,1.7,0,39,4,1
903,0,1,1,50,0,1
1987,1,0.5,0,53,3,1
1154,0,1.2,1,49,0,1
1336,0,0.9,0,17,5,1
1886,0,0.5,0,24,0,1
1551,0,1.1,0,51,4,0
850,1,1.6,1,29,6,1
660,0,0.5,0,40,5,1
1225,1,2.1,1,13,8,0
1452,1,0.5,1,25,1,1
1686,1,2.8,1,38,3,0
1634,1,1.4,0,17,1,1
1708,1,2.4,1,49,18,1
1151,1,2.9,1,31,0,0
1578,0,1.9,1,37,2,1
1689,0,1.8,0,24,17,0
1488,0,0.5,0,39,1,0
1313,1,1.8,1,9,4,0
1715,0,1,1,31,4,1
1442,0,1,1,27,0,0
528,0,1.7,0,6,12,1
1523,1,1.8,0,11,6,1
1133,0,1.4,0,42,3,0
1718,1,2.5,1,6,14,1
1330,0,0.5,0,38,0,0
1799,1,0.5,0,49,0,0
633,1,2.2,0,49,0,1
724,0,2.7,1,44,0,0
822,1,0.5,0,51,0,1
1918,0,1.9,0,10,2,0
1891,0,2.8,0,37,7,1
1373,1,1,1,50,2,0
862,1,0.8,1,23,3,0
1273,0,1,0,48,3,1
957,1,2.5,0,7,4,0
1617,1,1.3,1,30,3,1
893,0,2.5,1,55,0,0
1210,0,0.5,0,63,0,0
708,1,2.7,1,63,0,1
835,0,1.1,1,7,2,0
1450,1,2.7,1,19,9,0
973,1,1.5,0,57,5,1
601,1,1.4,0,4,4,1
507,1,0.5,1,32,1,0
564,0,1.8,1,51,0,1
1559,1,1.6,1,6,6,1
754,0,0.5,1,59,7,1
728,0,2.7,1,25,0,0
1431,1,0.5,0,56,0,1
767,0,1.5,0,28,4,0
1722,0,2.6,0,18,8,0
1992,1,1.6,0,57,5,1
1876,0,0.5,0,40,10,1
1054,0,1.1,1,38,10,1
1283,1,1.6,1,47,4,0
1281,1,2.3,1,28,0,0
1066,0,0.6,0,7,2,1
730,0,2.1,1,4,0,1
1053,1,0.8,1,45,7,1
1611,1,0.5,1,3,11,0
793,0,1,1,30,5,1
1220,0,2.9,0,62,3,0
1662,0,0.5,0,61,0,1
1281,1,2.8,1,8,3,1
538,0,0.8,0,2,12,1
823,1,0.5,0,39,0,0
1733,1,2.8,0,36,3,1
1429,0,1.5,1,40,0,1
1839,1,1.2,0,54,9,1
659,0,2.7,0,6,6,1
1953,1,2.1,1,56,7,0
1172,0,1.9,0,27,0,1
612,1,1.9,1,16,6,0
1563,0,2.4,0,24,0,1
1191,0,1.3,1,26,16,1
615,1,0.5,1,42,0,0
1893,1,2.1,1,63,8,0
1563,0,1.7,1,16,10,0
1995,1,1.9,0,9,6,0
1517,0,0.5,0,48,6,1
832,0,1.6,1,34,1,1
1162,0,2,0,56,0,1
1595,1,2.6,0,12,7,0
1329,1,1,0,52,1,0
928,1,0.5,1,56,11,0
1656,1,0.5,1,38,8,1
1937,1,1.7,0,58,17,0
977,1,1.1,1,57,2,0
768,1,0.9,0,56,16,1
1464,1,0.5,1,12,11,0
1177,0,0.9,0,29,1,1
1348,0,2,0,52,18,0
1956,0,2.2,0,37,0,1
1751,0,0.5,1,8,6,0
1530,0,2,0,42,11,0
1997,1,1.8,1,40,1,0
1414,1,1.5,1,44,5,0
1707,0,1.4,0,41,0,0
894,0,0.5,1,50,1,1
645,0,1.2,0,41,6,1
1163,0,2.8,1,49,0,0
1126,0,0.7,0,49,3,0
1648,0,0.7,0,64,6,1
1170,1,0.9,0,14,6,1
508,0,0.8,0,42,7,1
1097,0,2.1,1,64,6,0
728,0,1.7,1,5,0,1
1980,0,0.5,1,29,2,1
1504,0,2.3,1,64,1,0
1379,1,2.1,1,63,14,1
1698,0,2.1,0,18,5,1
920,0,2.1,1,25,5,0
1144,1,1.5,1,21,0,0
1995,1,0.5,0,26,6,0
1430,0,0.5,1,27,1,0
972,1,0.5,1,13,5,0
662,0,0.5,0,20,5,0
1867,0,2.3,0,9,0,1
1730,0,2,1,20,0,1
1723,1,1,0,7,1,1
1882,1,1.3,1,47,8,0
803,0,0.8,1,18,0,0
580,1,1.2,1,47,0,0
668,0,2.3,0,48,2,1
1391,0,1.4,0,36,2,1
1560,0,2.3,0,22,0,1
821,0,1.8,1,54,5,0
811,1,2.4,1,2,5,1
1989,1,2.9,1,17,8,0
1034,1,2.7,1,37,6,0
618,0,2.1,0,6,2,0
654,1,1.3,0,52,0,1
576,1,2.8,0,10,2,1
667,1,0.6,0,3,6,1
869,1,1,0,57,7,1
635,1,0.5,1,42,2,0
609,1,3,0,44,15,1
1557,0,2.8,1,2,16,0
1604,1,1.7,0,33,2,0
1182,0,0.5,0,8,7,1
848,1,2.1,1,19,10,1
1610,1,2.9,0,64,7,1
1828,1,2.1,1,17,0,0
880,0,2,1,50,1,1
1394,1,0.9,1,62,10,1
1960,1,2.3,1,61,1,1
809,0,0.8,0,21,10,0
899,0,0.5,1,57,13,1
1976,1,0.7,1,32,4,0
879,0,1.5,1,21,0,1
916,1,2.6,0,36,0,0
763,0,1.7,1,2,8,1
508,0,1.6,1,9,0,0
825,0,2.9,1,34,0,0
1864,0,1.4,0,46,8,1
1725,0,0.5,1,52,8,1
1108,1,2.9,0,52,10,0
1011,0,1.1,0,36,4,1
1703,1,1.5,1,55,17,1
1067,1,1.7,1,58,0,0
1334,1,2.4,0,42,5,1
775,1,2.6,0,30,0,0
1899,1,0.6,0,26,0,0
930,1,1.3,1,14,1,1
1058,0,1.5,0,19,2,0
1187,1,2.2,0,46,0,1
1874,1,2.7,1,8,10,0
1482,0,0.5,0,48,2,0
1809,1,1.7,0,59,3,1
864,1,3,1,54,0,1
625,1,1.9,0,33,12,1
1880,1,1.8,0,18,4,1
1138,0,1.4,0,44,12,1
560,0,0.5,0,23,14,0
1117,0,0.5,0,12,1,0
1712,0,1.4,0,63,1,0
1836,1,1.7,1,26,3,0
1036,1,2.4,0,39,0,0
1860,1,2.3,0,23,15,0
1375,1,1.1,0,9,3,1
1945,0,1.6,1,57,0,1
1896,0,0.5,1,7,8,1
788,0,2.5,1,57,4,1
880,1,1.7,1,33,0,0
1323,1,2.5,1,28,10,1
1868,0,2,1,42,0,1
1266,0,1.9,1,7,0,1
1042,0,2.7,1,50,16,1
1479,0,0.5,0,19,8,0
1476,1,1.2,1,55,0,1
1552,1,2.2,0,13,6,1
1454,1,0.5,1,34,1,0
1007,0,2,0,45,0,0
652,1,2.4,1,17,9,1
1504,0,1.5,0,34,12,1
1726,1,0.9,1,51,2,0
1029,1,1.9,1,5,5,1
1582,0,2.8,0,44,2,1
1478,1,0.8,1,48,12,0
1178,1,1.3,0,49,0,0
707,0,2.1,1,25,2,0
755,1,2.8,0,51,5,1
912,1,2,0,54,1,0
651,1,0.8,1,63,2,1
1483,0,2.1,0,54,1,1
914,1,0.9,0,4,2,0
1456,1,0.5,1,7,7,0
1178,0,2.2,1,57,6,0
1503,1,0.7,0,43,10,1
1681,1,2.5,0,11,2,0
715,0,2.3,1,48,4,0
1876,0,2.8,1,56,3,1
1190,1,2.2,1,47,9,0
1755,1,1.3,0,24,0,1
1197,0,1.3,0,20,3,1
1048,1,0.9,0,28,10,1
1887,1,3,1,17,6,1
1772,1,0.5,1,64,3,0
1421,0,2.8,0,57,0,1
1464,0,0.5,1,17,0,1
728,0,2.3,1,23,4,0
954,1,0.5,0,50,0,0
685,0,0.5,1,13,8,1
1472,0,2.8,1,36,1,0
853,1,2,0,3,10,1
1469,0,2.1,0,8,0,0
1310,1,2.3,1,57,6,0
1654,0,1.8,0,11,1,0
902,1,0.7,0,3,3,0
1448,0,1.4,1,26,13,0
1631,0,0.9,1,3,2,1
1608,0,1.8,1,28,7,0
1991,1,2.7,0,64,5,1
1349,0,2,1,62,15,0
1589,0,2.5,0,51,5,1
1844,1,2.3,1,51,1,0
712,1,0.5,1,35,3,1
972,1,1.7,0,54,0,1
1406,0,0.5,1,34,2,1
1289,0,0.9,0,25,10,1
932,0,1.3,0,64,1,0
1747,1,0.9,0,48,6,1
1172,1,2.1,1,41,4,0
1128,1,1.4,0,53,12,0
664,0,1.2,1,28,0,0
513,1,0.5,0,44,6,1
1742,0,2.3,1,43,9,1
1512,1,1.7,0,6,12,0
1986,0,0.5,1,51,3,1
965,1,1.5,1,13,5,0
1067,1,2.4,1,40,3,1
1583,1,1.6,0,42,5,1
1653,0,0.5,1,37,2,1
1433,0,1.6,0,4,7,0
765,0,2.9,0,18,0,1
1845,1,0.5,1,61,10,0
752,0,0.5,1,48,1,0
1948,0,2.8,1,16,8,0
1077,0,2.5,1,45,0,1
932,1,0.5,0,60,1,1
1968,0,0.9,0,22,0,0
1122,0,1.2,0,2,9,0
1588,0,0.5,0,61,0,1
601,0,2.1,0,26,4,0
1615,0,0.5,0,15,14,0
1589,1,2.2,1,58,2,0
1417,1,2.7,0,56,2,1
1697,1,0.7,0,34,1,1
1330,1,1.3,1,3,14,0
1476,0,0.5,0,43,0,1
1579,1,1.5,0,27,0,0
1277,0,3,0,41,0,1
1089,1,0.9,1,2,12,1
1663,1,2.5,1,27,13,1
1949,0,1.8,0,20,0,0
1138,0,1.1,0,48,5,1
685,0,2.7,0,17,7,0
1889,0,2.8,0,31,5,1
857,1,2,1,17,3,0
1902,0,2.8,1,50,6,0
1225,1,2.4,0,15,0,0
1066,0,1.6,0,39,5,0
1554,1,0.5,1,5,11,0
1337,0,0.5,0,31,13,0
1926,1,1.7,1,33,1,1
869,0,1.3,1,34,3,0
1278,1,0.5,1,54,1,0
1773,1,2.5,0,32,16,1
1661,1,0.8,1,6,1,1
1438,0,2.2,0,32,0,1
1661,1,1.4,0,29,0,0
1846,1,0.6,0,19,1,0
1260,1,2,1,23,2,1
512,1,0.5,1,15,7,0
581,0,2.2,0,59,0,0
1872,1,2.3,0,44,6,0
687,1,1.3,0,50,9,1
1062,1,2.5,1,10,6,0
1678,1,2.3,1,7,11,0
1417,1,0.5,0,45,10,1
1074,0,2.4,1,9,2,1
1832,0,0.7,0,2,2,0
1039,0,1.3,0,12,0,1
1059,0,2.4,0,61,8,0
1606,0,1.4,0,57,3,0
1928,1,1.8,0,19,9,1
1875,1,0.5,1,55,11,1
1128,1,1.1,0,46,9,1
1748,0,1.7,1,14,6,1
1413,0,0.5,1,51,5,0
825,0,0.5,1,23,0,1
1589,1,1.4,0,26,3,1
535,1,0.5,1,54,8,1
1780,1,0.5,0,27,6,0
1671,0,0.6,1,61,7,1
1821,0,0.9,0,12,9,1
1076,1,2.6,0,38,3,1
532,1,0.8,1,8,3,0
777,1,2.6,0,30,3,0
1217,1,0.5,0,17,3,0
1656,1,1.6,1,16,0,0
1185,0,1.9,0,31,0,0
577,0,2.4,0,37,8,1
737,1,2.4,1,49,7,0
704,0,2.2,1,53,4,0
525,1,0.5,1,51,5,0
504,1,0.5,1,16,5,0
793,0,1.2,1,38,1,1
569,0,0.6,1,39,2,0
1590,0,1.9,1,21,3,1
707,0,0.5,0,16,0,1
767,0,1.9,0,19,16,1
1350,1,0.5,1,50,0,1
1117,1,0.6,1,31,0,0
641,1,1.1,0,7,0,1
1002,0,0.8,1,35,0,1
1408,1,2.1,1,45,10,0
1900,1,2,1,41,1,0
726,0,2.9,0,43,0,0
1544,0,2.3,0,45,12,1
1454,1,1.6,0,21,6,1
1230,1,2.2,1,26,6,0
1552,0,1.2,0,53,10,1
1519,0,2.1,0,32,0,0
723,1,1.9,0,30,4,0
1191,0,2.4,1,13,2,0
1168,0,1.3,0,61,9,0
1229,0,0.5,1,14,15,0
1758,1,0.5,0,13,11,1
1290,0,0.5,0,3,0,0
574,0,2.8,1,38,16,0
1271,1,0.5,0,32,12,0
1170,1,1.2,0,30,4,0
1269,1,1.3,0,52,14,0
1288,0,2.8,1,50,15,0
1366,1,0.7,1,34,0,1
1572,1,0.8,1,8,7,1
1627,0,0.9,1,32,9,1
1701,1,0.5,0,46,13,1
1900,1,0.5,1,55,0,1
1974,0,1,0,24,4,0
1197,1,0.5,1,20,9,0
587,1,2.3,1,6,4,0
934,0,1.1,0,24,7,0
1195,0,2,1,23,1,1
1853,1,1,0,23,2,0
1164,0,1,0,19,4,1
1512,1,0.5,0,18,8,1
1232,0,2.9,1,24,1,1
1813,1,0.6,1,5,0,1
946,1,2.6,1,5,17,0
739,1,2.3,1,58,2,1
704,1,2.7,0,29,8,1
1663,1,0.5,0,40,0,0
1966,1,1.4,1,40,2,0
1219,0,1,1,17,0,0
612,1,0.7,0,35,6,0
1658,1,1.4,0,39,0,1
1263,0,0.5,0,64,12,0
1395,1,2.8,0,55,0,1
621,1,2.7,1,54,0,0
652,0,0.5,1,58,1,0
1175,0,0.6,0,25,10,0
561,1,1,0,11,0,0
1137,0,2.2,0,3,6,1
1835,1,2.3,0,11,4,1
1170,0,2.9,1,40,2,0
1595,1,0.8,1,44,0,1
1719,1,2,0,12,0,0
1770,0,2.3,1,7,0,0
1312,0,0.5,1,28,0,1
1878,0,1.5,1,56,5,1
1871,1,2,0,20,7,1
922,0,1.5,1,35,1,1
1975,1,1.5,0,16,6,1
1212,0,2.6,0,46,1,1
1430,1,0.9,0,56,3,0
1958,1,1.9,1,4,0,0
1836,1,2.1,1,30,0,1
557,1,1.6,0,24,0,0
539,1,0.6,1,21,9,0
880,0,0.5,1,44,1,0
1369,1,1.8,1,34,6,0
1109,1,2.7,1,39,1,0
843,0,1.8,1,16,0,0
598,0,2.3,1,21,7,0
972,1,2.7,1,5,1,0
1944,1,0.5,0,36,5,1
1225,0,0.7,1,2,0,1
644,1,1.3,1,30,7,1
1919,0,1.5,0,48,5,1
501,0,2.3,0,54,12,1
1620,1,2.2,1,30,0,1
1227,1,1.1,1,34,0,0
1359,1,0.5,1,58,1,1
1914,0,0.7,0,35,1,0
1645,1,1.8,0,21,1,0
1063,1,1.1,0,26,0,1
946,0,2.1,0,19,0,1
1231,0,1.2,1,54,5,0
1397,0,2.9,1,9,13,0
701,1,0.7,0,15,7,0
570,1,0.5,1,9,2,0
1993,1,0.5,0,27,10,1
955,0,0.5,1,43,4,0
924,0,0.5,1,47,0,1
600,0,0.5,0,14,0,0
518,0,0.8,1,3,0,0
1063,1,2.5,0,31,0,1
920,1,0.5,0,46,2,0
1715,0,1.9,0,3,4,1
1841,1,1.3,1,14,6,0
543,1,0.5,1,60,4,1
1762,1,2.7,1,25,13,1
1112,1,0.5,1,53,1,0
709,1,2,1,35,0,0
1315,1,2.6,0,64,7,0
1762,1,2.5,0,15,10,1
1462,1,1.7,1,25,1,0
571,0,1.6,1,35,8,0
666,1,0.5,1,54,7,1
1994,0,1.5,1,7,2,1
1583,1,2.1,1,14,11,0
1778,0,1.4,1,45,3,1
1926,1,1.1,0,50,13,1
966,1,0.6,0,50,9,1
568,0,2,0,36,1,0
1897,0,3,0,21,1,1
1695,0,0.5,1,46,6,1
1623,1,1.2,0,61,6,1
914,1,0.5,0,26,0,1
1721,1,0.5,1,33,4,1
890,1,2.2,1,44,4,0
600,0,0.5,0,48,1,0
1677,0,1.8,1,11,4,0
723,0,0.5,0,3,0,1
638,0,1.7,1,27,11,0
852,0,1,1,62,4,1
1979,1,1.6,1,32,0,0
710,1,0.5,0,32,6,0
1034,0,2.6,1,45,2,1
600,0,2.5,1,22,8,1
1027,0,0.5,0,64,2,1
1260,0,0.6,0,13,5,1
1793,0,1.8,1,12,10,0
675,0,2.3,0,60,10,0
658,1,2.7,0,12,0,1
1694,1,0.6,0,34,0,1
804,1,0.8,1,41,12,1
1713,0,2.5,1,27,1,0
706,0,0.5,0,31,13,1
1362,0,0.5,0,25,3,0
1527,0,2.7,0,60,10,1
768,0,0.5,1,19,0,0
1314,0,2.9,1,41,8,1
705,1,0.5,0,57,5,1
1403,0,2.7,0,26,2,1
1486,0,2.6,0,52,7,0
781,0,1.1,0,38,2,0
986,1,1.5,0,23,1,1
1310,0,1.4,0,33,0,0
560,1,2,1,57,6,1
1348,0,1.3,0,43,0,0
1567,0,0.5,1,22,3,0
1940,1,0.9,1,17,4,0
1979,1,2.9,1,19,0,1
561,1,2.1,1,2,7,1
1717,1,1.3,0,62,1,0
535,0,1.5,0,48,1,1
1413,0,0.5,1,39,4,1
1358,0,2.5,1,20,0,0
1519,0,2.9,0,30,2,0
1254,0,1.2,1,50,2,0
1591,1,2.2,0,49,3,1
977,1,2.8,1,35,2,0
1640,1,0.7,0,21,10,1
663,0,0.8,1,25,0,0
1744,1,1,0,20,1,1
1624,0,1.6,1,28,8,0
1108,1,1.3,1,2,14,1
1188,1,1.4,1,9,0,1
817,0,1.3,0,11,0,0
863,0,1.6,1,6,5,1
1397,0,2.4,1,3,5,1
1108,0,1,0,49,3,0
1068,0,2,1,37,1,1
1702,1,2.3,0,52,12,1
808,0,0.5,1,8,0,0
1156,0,0.5,0,61,6,0
1271,0,0.5,1,54,2,0
696,0,0.5,0,51,6,0
1981,1,1.9,1,45,13,0
614,0,1.7,1,58,0,1
1590,0,0.6,1,7,0,0
1945,0,1.6,0,21,4,0
1135,1,2.8,1,43,9,0
1049,0,0.6,1,2,8,1
1807,1,2.1,0,49,2,0
984,1,0.5,0,42,13,1
720,1,1.4,1,61,0,1
1536,0,0.8,0,13,12,0
771,1,0.5,0,25,3,0
503,0,2.5,0,57,3,0
675,0,2.4,0,42,1,0
1936,1,1.9,1,34,13,1
1303,0,1,1,15,0,1
1004,1,2.9,1,35,0,0
1972,0,1.2,1,37,0,0
1822,0,1.2,0,8,0,0
1159,1,2.8,0,18,5,1
1782,1,2.8,1,58,6,1
894,0,2.1,1,16,16,0
1884,0,2.1,1,43,7,1
1648,1,0.5,0,17,1,1
798,0,2.4,0,4,5,0
802,1,2.4,1,45,1,0
1276,1,2.9,1,53,2,0
1331,1,1.6,0,16,0,0
1620,0,2.6,1,5,6,0
1996,0,2.5,0,51,5,1
1092,0,2.7,1,45,8,0
1018,1,0.7,1,63,7,0
545,0,0.5,0,11,0,1
554,1,1.3,0,12,0,0
1264,0,2.9,1,34,2,1
1030,0,1.6,1,58,3,1
1432,1,1.7,1,39,6,1
558,1,2.8,0,49,1,1
829,0,0.5,0,56,0,0
1741,1,1.8,0,14,0,0
1849,1,2.3,0,15,7,1
733,0,2.1,0,7,5,1
1872,1,0.9,1,16,0,0
1853,0,0.5,1,27,1,0
1149,1,2.2,0,30,4,0
891,0,0.5,1,25,9,1
1911,1,2,0,64,7,1
550,1,0.5,0,23,16,1
576,0,0.8,0,27,0,1
1760,0,1.9,0,50,1,1
969,0,2.4,0,45,0,0
1160,0,1.1,0,63,1,1
827,0,1.1,1,18,2,1
1786,0,0.5,0,58,9,1
774,1,0.6,1,8,2,1
819,1,2.5,1,11,0,1
1042,0,2.2,0,11,15,1
1368,0,3,1,50,10,0
1592,0,2.1,0,50,6,1
1067,0,1.8,1,14,11,0
1892,1,0.7,0,47,5,0
915,0,1.1,0,56,6,0
774,1,2.8,0,55,7,1
1848,1,1.4,1,42,2,1
1501,0,1.1,0,2,12,1
1614,0,1.9,0,55,8,1
911,1,2.9,0,46,0,0
1520,0,0.5,0,24,1,1
1647,0,1.4,1,38,3,1
1347,0,0.9,1,53,8,1
967,1,1.6,0,25,4,0
1442,0,2.2,0,56,0,1
1204,1,2.6,0,10,0,0
1320,0,2.1,1,41,0,1
1800,1,0.7,0,8,2,1
1567,0,2.1,1,22,3,0
1439,0,0.9,0,20,12,1
1422,0,1,0,3,15,0
1591,1,2.2,1,52,4,1
880,0,1.7,0,6,2,0
1929,1,0.5,1,19,0,1
1642,1,1.6,1,5,0,0
1511,0,2.5,1,21,3,0
1312,0,1.3,0,10,5,1
1852,0,1.4,0,10,4,1
972,1,1.3,0,44,8,0
691,1,2.7,1,33,4,1
807,0,0.5,0,8,9,0
1113,0,0.6,1,25,0,0
721,1,1.3,1,16,10,0
1188,1,1.5,1,54,0,0
1512,1,0.5,0,52,1,0
805,1,0.7,0,64,0,0
918,0,0.9,1,8,1,0
1320,0,0.5,1,48,7,0
1236,0,0.9,1,57,2,1
1387,0,0.5,0,61,0,1
1883,1,2.7,1,30,6,1
839,0,2,1,14,0,0
1593,1,1,0,52,0,1
1722,1,1,0,25,7,0
1954,0,0.6,1,7,8,0
1788,1,0.5,1,2,15,1
1628,0,0.5,0,33,5,1
1965,0,0.5,0,4,6,1
833,1,2.2,0,27,4,0
571,0,0.6,0,43,1,1
1808,1,0.5,1,31,1,0
1860,0,0.5,1,55,2,1
1368,1,1.6,1,9,4,0
1161,0,1.3,1,21,0,1
1224,1,1.6,0,33,9,0
902,1,0.6,1,63,0,0
787,1,0.5,0,11,15,0
854,0,0.5,0,30,2,0
1184,0,1.5,1,48,1,1
1973,0,1.6,1,39,5,1
510,0,1.7,1,35,3,0
966,0,2,0,34,8,1
1438,1,1.8,0,16,3,0
1986,0,0.5,0,51,7,0
1907,0,2,0,55,13,0
1489,0,2.4,1,32,8,0
1843,1,1.8,1,16,13,1
825,1,1.5,0,38,11,0
1286,1,2.3,0,16,10,1
840,0,0.6,0,63,0,1
757,0,2.3,1,58,5,1
814,1,1.1,1,41,2,0
1195,1,1.1,1,8,2,1
767,0,0.8,0,10,7,1
1068,0,1.3,0,52,6,1
994,1,2.8,1,56,0,0
1550,1,2.5,0,21,6,0
1878,1,0.5,0,29,9,0
623,0,2,0,6,2,0
1829,1,0.5,0,15,0,1
525,0,2.4,1,35,11,0
1065,1,0.5,0,14,0,1
1425,0,1.2,0,35,9,1
1296,0,1.4,1,11,3,0
642,0,2.8,0,34,3,0
1664,1,2.9,1,15,9,1
1498,1,0.7,0,8,3,1
981,1,1.9,1,2,0,0
1236,1,2.8,0,32,6,1
1673,0,2.8,1,9,7,0
712,1,1.6,0,9,6,1
569,1,0.5,1,4,10,1
603,1,0.7,1,64,0,1
1332,0,0.8,1,11,2,0
1413,0,0.6,0,13,0,1
1064,0,2.9,1,34,1,1
1444,0,0.6,0,48,2,0
1366,1,1.7,1,53,5,1
906,0,2.1,1,18,7,0
1554,0,2.7,1,47,3,1
1187,0,2.3,0,21,0,1
1156,1,2.7,1,30,1,1
1918,0,2.8,0,22,1,0
841,1,0.5,1,39,8,0
730,1,1.3,1,6,6,0
878,1,1.3,0,31,13,1
1059,0,0.5,1,50,0,0
1578,0,2.9,0,3,8,0
1829,0,1.7,0,36,0,0
1132,0,1,0,8,0,0
1652,0,0.6,1,40,4,1
912,0,0.5,1,58,0,0
1181,0,2.3,0,61,12,1
1497,1,0.7,0,32,5,0
1790,1,2.3,1,49,3,1
1742,1,1.6,0,49,3,0
1549,1,0.5,0,8,4,0
1372,1,2.7,0,34,7,0
1112,0,0.5,0,12,0,1
1005,0,0.5,0,46,0,0
783,1,1.7,1,27,9,1
1698,0,2.5,0,26,10,1
899,1,2.7,0,53,3,1
1062,0,1.5,0,45,3,0
989,1,2,0,17,4,0
1983,1,1.2,1,27,6,1
1800,1,3,0,53,5,0
1254,0,1.7,0,45,0,1
868,0,1.7,0,30,0,0
1205,0,0.5,1,12,3,0
1284,1,2.8,1,10,0,0
626,0,0.7,1,23,2,1
1763,0,2.9,1,53,1,1
694,1,1.8,1,36,15,0
1265,0,0.6,1,49,4,1
816,1,0.5,0,14,4,0
904,0,1.8,0,35,3,1
979,0,0.5,1,5,0,1
1531,0,2,0,60,0,1
934,0,2,1,30,2,0
1624,1,2.6,1,58,0,0
874,0,1.3,0,8,5,0
1027,1,2.2,0,63,0,0
1966,0,0.8,1,48,15,1
1048,1,1.5,0,29,2,1
1496,1,1.9,1,38,13,0
959,1,1.7,0,13,15,0
1349,1,2.2,1,55,5,0
1689,1,2.4,1,13,0,1
1558,1,2.4,0,27,0,1
582,0,0.5,1,27,3,0
1485,0,2.8,0,44,3,1
1991,1,1.8,0,9,11,0
553,0,0.5,1,23,2,1
1231,0,0.7,1,7,2,0
805,0,0.8,0,34,1,0
764,1,1.2,1,13,1,0
894,0,0.9,0,54,5,1
1589,0,2.6,0,46,9,0
1456,0,1.6,1,39,9,1
743,0,0.5,1,33,0,1
1061,1,2.1,0,52,3,1
1428,1,1.6,0,7,0,0
674,1,2.8,1,8,0,1
832,0,1.1,0,46,0,1
1625,1,0.5,1,50,2,1
907,0,1.4,1,42,3,0
1631,0,0.5,0,13,2,1
1584,1,1.3,0,41,6,0
1382,1,0.5,0,13,7,1
633,1,1.4,0,46,0,1
1444,1,2.1,0,38,9,0
852,1,1.6,1,54,6,1
922,1,0.7,0,47,0,1
1745,0,1.5,1,57,4,1
862,0,2.3,0,6,9,1
1754,1,2.1,1,52,1,1
1008,0,2.5,0,36,3,0
1569,0,0.5,1,33,3,0
1596,0,2.9,1,7,7,0
1807,1,0.5,1,61,2,1
1660,0,2.8,1,7,4,0
1861,1,0.9,0,55,4,1
648,0,1.9,1,8,4,0
1379,0,0.5,1,19,1,0
1910,1,1.7,0,34,0,0
1807,0,2,1,13,0,1
1923,0,0.5,1,46,7,0
1345,1,3,0,38,7,1
904,0,1.6,1,14,5,1
1239,0,1.2,1,52,5,1
1330,0,0.9,0,52,6,1
516,1,0.7,1,30,1,0
672,1,0.5,1,54,0,0
892,1,0.5,0,47,0,1
1778,0,0.5,0,23,0,1
1130,1,2.5,0,58,4,1
1359,0,0.6,0,59,4,0
1866,1,2.5,1,47,3,1
1597,0,2.3,0,34,11,0
1046,1,2.8,1,58,0,1
1035,0,0.6,1,44,2,1
1175,1,1.3,0,19,2,0
1261,1,0.5,1,11,0,1
1068,0,0.7,1,51,9,0
1713,0,3,1,20,5,1
1688,0,2.5,0,21,0,1
1413,1,0.5,1,45,4,1
559,1,0.5,0,11,10,0
1483,1,2.6,1,19,13,0
860,1,1.6,1,48,13,0
1090,0,1.3,1,27,5,0
686,1,0.5,0,3,11,0
818,0,1.3,0,43,14,0
1456,0,1.6,1,49,5,0
774,0,0.5,1,10,2,1
1068,0,0.5,1,19,0,1
1373,1,1.9,1,29,1,1
1777,1,3,0,20,3,0
594,0,0.8,0,28,2,1
1524,0,2.6,1,57,5,0
511,1,0.6,1,50,12,0
1402,1,0.6,1,46,3,0
965,1,0.5,0,53,15,0
1270,1,2.3,0,58,0,0
919,0,0.5,1,13,11,0
1963,1,1,0,34,16,1
1977,0,1.3,1,31,2,0
1881,0,2.2,0,51,4,0
683,0,0.7,0,19,5,0
772,0,2.6,1,6,7,0
536,1,1.4,0,53,0,1
1694,0,1.8,0,53,0,0
1633,0,1.7,1,33,3,1
1371,0,0.5,0,52,4,0
551,1,2.8,0,54,0,1
1221,0,0.5,0,28,1,1
1000,1,0.5,0,63,12,0
1986,0,2.7,1,64,3,1
1119,0,0.5,1,23,0,1
1699,0,0.5,1,59,1,0
1099,0,0.5,0,61,13,1
1576,0,2.6,0,58,7,0
950,1,0.5,0,55,9,0
1081,1,2.5,1,49,13,0
606,0,2.5,0,53,1,1
502,0,1.5,1,37,7,0
957,1,0.7,0,4,0,1
1658,1,1.4,1,38,0,1
1681,1,2.5,1,18,6,0
1983,1,0.5,1,43,3,0
1753,0,1.2,0,12,8,1
1632,1,1.4,0,41,0,0
1949,1,1.4,0,57,7,0
1696,0,1.7,0,13,1,0
688,0,2.5,1,57,0,0
1104,0,1.7,0,60,1,1
1122,0,2.8,0,28,0,0
504,1,0.5,1,46,2,1
1154,0,0.5,0,14,12,1
1727,0,2.1,0,63,2,1
1674,0,2.8,1,52,0,1
1948,0,2.8,1,18,5,1
1218,1,2.8,1,39,3,0
531,0,1.1,0,63,10,0
1057,0,2.1,0,5,4,0
576,0,1.2,0,30,1,0
1960,1,2.1,0,7,1,0
673,1,1.7,1,22,3,1
718,0,0.7,1,21,0,1
864,0,1.7,0,35,3,1
547,0,1.9,1,37,1,0
623,1,0.9,0,3,1,1
1793,0,0.7,1,27,11,0
1720,1,0.7,1,19,0,0
812,0,0.5,1,64,1,0
980,1,0.5,0,33,0,1
643,0,1,0,18,9,1
1925,0,3,1,16,0,1
1408,1,2.5,0,32,3,0
1522,1,0.7,1,28,4,0
587,1,2.5,0,51,16,1
1959,0,0.5,1,18,5,0
1872,0,0.5,1,17,3,0
1043,1,0.5,0,42,7,0
1809,0,0.5,0,23,6,0
1703,1,0.5,0,23,5,1
1095,1,0.5,0,45,4,0
1414,0,2.6,0,27,1,0
1659,1,2.5,0,41,2,0
1540,0,0.7,1,60,1,0
1342,0,1,0,31,0,1
1189,1,2.3,0,8,13,0
518,1,2.4,0,62,0,1
1449,0,0.8,1,10,3,1
516,0,1.1,1,39,0,1
1569,0,0.8,1,59,8,0
1312,1,0.8,1,24,0,0
1893,1,0.5,1,23,1,0
1076,0,2.5,0,14,3,0
530,1,2.6,0,40,1,0
1044,1,2.8,1,33,7,0
1330,0,1.1,0,37,11,0
1836,0,1.1,1,14,0,0
1741,1,0.5,0,55,1,1
1869,0,2.6,0,30,0,1
1331,0,0.5,0,55,8,0
1655,1,0.5,1,4,6,1
605,0,1.5,0,18,9,1
1245,1,0.6,0,30,2,0
1709,1,0.8,0,58,8,1
846,1,2.6,0,58,0,1
1403,1,2.5,1,62,3,0
688,1,1.5,0,2,0,0
775,1,2.5,1,10,1,1
1154,0,2,0,35,6,1
1375,0,0.5,1,35,2,1
1827,1,0.8,0,61,4,0
1697,0,0.5,0,60,0,1
741,0,1.5,0,14,1,0
1672,1,0.5,1,32,13,1
514,1,0.7,0,57,4,0
1375,1,1.3,1,12,2,0
989,1,1.8,1,55,4,1
1510,1,2.5,1,47,11,0
1266,0,2.6,0,18,1,0
1396,0,2.4,1,46,0,0
808,0,2.3,0,45,3,0
1542,0,2.3,0,43,1,0
745,1,0.6,1,35,5,0
1735,1,1.9,1,59,0,1
586,0,0.5,1,57,1,0
1341,1,2.1,1,36,0,0
781,1,1.3,1,64,1,0
501,1,0.5,1,22,14,0
1224,1,1.8,1,44,2,1
1970,0,1.6,1,58,11,1
618,1,2.2,1,63,0,1
1537,0,2.9,0,46,11,1
1018,0,2.2,0,16,8,0
1545,0,1.3,1,35,15,1
1871,0,2.1,0,41,4,1
1729,1,2.1,1,12,1,0
680,1,2.1,1,9,9,1
1106,1,1.9,0,54,4,0
635,1,0.6,1,50,1,1
618,0,0.6,0,16,8,0
1671,0,0.5,1,5,13,0
1562,1,1.2,1,52,0,1
1975,1,1.9,1,31,2,0
831,1,0.7,0,62,2,1
1524,1,1.8,1,10,0,0
1528,1,1.8,1,55,3,1
1447,1,2.5,1,9,2,0
1344,0,1.5,0,14,1,0
564,0,3,1,8,1,0
921,0,0.6,1,60,1,0
1413,1,1.7,0,10,2,0
831,0,2.4,0,55,10,0
802,0,0.5,1,43,3,0
1923,0,1.3,0,24,3,0
1193,1,3,0,56,10,0
904,1,1.2,1,31,10,1
1285,0,2.4,0,51,1,1
1635,0,2.6,1,2,0,1
1923,0,1,1,14,5,1
1851,1,1.9,1,12,3,1
727,1,1.5,0,32,0,1
1396,0,1.5,1,44,0,1
877,0,1.3,1,46,9,1
696,1,2.4,0,35,11,1
1009,1,1,1,2,2,0
1526,0,1.1,1,38,2,1
987,0,2,1,20,1,0
1414,1,2.2,1,49,0,1
1732,0,0.8,0,61,2,0
1587,1,0.5,0,50,0,0
1097,0,0.8,0,21,10,1
504,0,2.8,1,40,0,0
1159,0,2.7,0,28,13,1
1910,0,1.4,0,29,0,0
865,0,1.2,1,59,8,0
1930,1,2,0,16,11,0
860,1,1.3,1,40,8,1
1268,1,2.9,0,42,9,1
999,1,1.8,1,27,0,1
622,0,0.7,0,9,0,1
1250,1,1.4,0,44,8,0
763,1,0.5,0,51,9,1
1100,1,1.6,0,15,12,0
815,0,2,1,51,4,0
618,1,0.5,1,57,2,1
553,1,2.2,1,18,0,1
673,1,2.2,1,3,2,0
563,0,2,1,47,3,0
1590,0,1.5,1,14,12,1
1031,1,2.1,1,11,2,1
909,1,0.5,1,30,9,0
1880,0,0.5,0,7,0,1
1479,1,1.8,1,24,0,1
1271,0,1.5,1,2,0,0
709,0,1.9,0,13,11,1
1744,0,2.8,0,62,0,1
1314,1,2.2,0,40,0,1
1136,0,0.5,0,9,0,1
1039,1,2.7,0,56,11,0
1300,1,0.5,0,62,5,0
732,1,2.3,1,39,7,1
511,0,0.7,1,52,1,1
1092,1,0.5,1,11,10,0
921,1,2.2,1,10,12,1
1030,1,0.5,0,37,4,1
1130,0,1.8,1,27,0,0
1299,0,2.8,1,60,2,0
1009,1,2.8,1,2,7,1
1735,0,1.8,1,34,16,0
1129,1,2.8,1,49,0,0
708,0,1.9,0,26,0,0
894,0,0.7,0,58,2,1
530,0,2.4,0,32,1,0
1481,1,2,1,35,0,0
1068,0,2.7,1,45,0,1
1487,0,0.5,0,57,6,1
1524,0,2.5,1,41,11,1
1093,0,1.9,1,22,2,1
1816,1,1.6,1,50,0,0
627,0,1.8,0,20,2,0
989,1,0.7,0,51,13,1
1895,0,0.5,0,5,2,1
805,1,1.7,1,58,0,1
713,1,1.6,0,2,7,1
864,0,2.5,0,24,10,1
1177,0,0.9,0,11,1,0
582,0,0.5,0,32,8,0
1898,0,1.8,1,56,3,1
1158,0,0.7,1,29,1,1
1451,1,0.5,0,57,5,1
1820,1,1.4,0,51,5,0
984,0,0.5,1,9,3,1
580,1,2.1,1,24,0,0
1263,1,2,0,5,0,0
1237,0,0.5,0,27,2,0
514,1,1.6,0,37,7,1
1515,0,2.6,0,56,0,1
721,0,0.5,1,6,6,1
603,1,2.5,1,35,3,0
1426,1,2.5,0,55,2,1
1820,1,1.7,1,64,0,1
1215,0,1,0,16,4,0
697,0,2.7,1,20,5,1
717,1,0.5,1,10,4,0
1348,1,2,1,36,5,0
1164,1,2.6,1,61,0,0
578,1,0.5,0,62,9,1
1971,1,0.5,1,40,0,0
1794,1,0.5,1,55,5,1
1558,1,2.5,0,32,2,1
1597,1,0.9,0,4,4,1
1240,0,1.6,0,39,0,0
1994,1,0.8,1,7,2,1
1221,0,2.3,0,35,7,1
989,1,1.6,1,24,11,1
1180,1,1.2,0,50,5,1
718,0,2.8,0,59,10,0
1670,1,1.6,1,47,0,0
534,1,2.5,0,21,1,1
1566,1,0.5,1,20,0,0
1935,0,0.5,0,29,0,1
504,1,2.8,1,54,2,0
913,0,1.7,1,41,1,1
1317,0,1.8,1,43,2,0
917,1,0.5,0,31,1,1
712,0,2.5,1,49,1,0
1083,0,1,0,52,6,0
1039,0,0.6,0,6,5,1
1747,0,0.5,0,13,4,0
1449,1,0.5,1,52,0,0
1872,1,0.5,1,49,14,0
1796,0,1.6,1,7,5,0
1097,0,1.4,0,60,0,0
1562,0,0.5,1,20,1,1
1433,1,2.3,0,27,8,1
740,0,1.8,0,12,1,0
676,0,2.2,0,39,1,1
503,1,1.8,1,13,1,1
1020,0,1.5,0,7,13,1
896,0,1,1,4,3,1
1824,1,0.8,0,19,4,1
1512,0,0.6,1,54,1,1
1053,0,2.9,0,42,7,0
1944,1,1.8,1,31,0,1
1174,0,0.7,1,25,1,1
627,1,1.6,1,12,3,1
1602,0,2.7,0,46,4,1
1733,1,1.5,1,6,4,1
586,0,1.4,1,8,10,1
1528,0,2.4,0,37,2,0
875,0,0.7,0,23,2,0
1602,0,0.6,0,58,12,0
1426,0,1.6,0,12,4,1
1370,0,1.4,0,6,5,1
609,1,0.5,0,10,4,1
840,0,1.2,1,15,5,1
991,0,2,0,12,2,1
1724,1,1.8,0,9,0,1
584,1,1.8,0,19,0,1
860,1,1.3,1,49,1,1
1541,1,2.8,1,28,10,1
615,1,0.5,1,58,7,0
912,1,2.8,1,46,6,1
1278,1,1.2,0,60,10,1
1365,0,0.6,0,31,0,1
1702,0,1,0,36,7,0
589,1,0.5,0,59,1,1
1347,0,1.5,1,56,10,0
1644,0,2.8,0,44,0,1
956,0,1.9,1,42,1,0
1089,0,1.4,1,2,10,0
871,0,0.6,0,52,2,0
664,0,1.5,0,6,5,1
1874,1,0.6,0,19,1,0
1928,0,2.6,0,5,5,0
888,0,2.6,1,33,2,1
1077,1,1.7,1,58,1,0
1023,1,2.3,1,30,5,1
1426,1,0.8,0,42,2,1
831,0,1.7,1,26,7,1
1496,1,1.3,1,6,0,1
1433,1,2.3,0,5,2,1
1095,1,2.6,1,44,0,1
643,1,0.7,1,23,3,1
1142,1,1.1,0,6,0,1
730,1,0.5,1,27,3,1
1901,1,0.5,0,41,5,1
1510,0,0.6,1,32,1,0
1924,0,2.6,0,59,0,1
1825,0,1.1,1,17,13,1
1275,1,0.5,1,5,3,1
987,1,2.3,0,17,9,0
1538,1,2.3,0,13,6,1
1965,1,0.5,0,29,4,1
808,0,1.9,0,20,7,0
712,0,0.5,0,27,6,0
1507,1,0.9,1,42,0,1
912,0,0.7,0,47,3,0
769,1,1.2,0,17,2,0
948,0,2.3,0,22,14,0
507,1,1.9,1,39,0,1
1384,1,2.8,1,60,15,0
1766,1,1.3,0,29,1,0
1407,0,1.8,1,16,5,1
614,0,2.9,1,24,3,1
1972,0,2.9,0,14,9,0
1039,0,0.5,1,47,8,0
511,1,3,1,34,5,1
1811,1,2.5,0,5,4,1
1159,0,1.5,0,36,3,0
1848,0,1.3,1,12,7,0
1988,1,0.5,0,16,0,1
1469,0,0.5,0,58,3,1
1423,0,0.6,0,44,12,0
1974,0,0.5,1,10,9,0
835,0,0.8,1,42,2,1
1429,0,0.6,0,42,8,0
947,1,0.5,0,51,1,1
1446,1,2.8,1,18,0,1
1332,0,1.3,1,7,5,1
1498,1,1.2,1,14,0,1
1576,1,0.9,1,14,0,1
1398,0,1.6,1,26,8,1
1885,0,2.4,1,14,12,1
798,1,0.5,1,2,7,0
1436,0,2.5,1,42,0,1
1998,1,1.2,0,31,8,0
1321,1,1.3,0,63,0,1
1021,0,1.3,0,9,7,0
1339,1,2.3,1,40,0,0
1210,1,1.6,1,57,9,0
1949,1,0.5,1,31,2,1
882,0,0.7,1,28,9,1
1549,1,1.5,1,27,0,1
1991,0,2.2,1,42,1,1
796,0,0.5,0,12,2,0
1012,0,0.5,1,39,4,0
1318,0,1.9,1,11,0,1
1708,0,0.8,0,14,8,1
598,1,0.8,1,62,8,1
541,1,2.3,0,51,4,0
818,0,0.5,1,23,2,1
1414,0,0.5,0,15,0,1
601,1,1.7,1,6,3,1
561,1,2.8,1,40,2,1
1616,1,2.3,1,52,3,0
1263,1,1.4,1,32,1,1
1604,1,1.9,1,63,0,1
539,0,2,1,24,1,0
1071,0,2.6,0,49,0,0
826,0,0.5,1,57,0,1
771,0,2.9,0,62,2,0
1811,0,2.9,0,33,0,0
1842,1,2.2,1,56,7,0
1420,0,2.8,1,50,1,0
1763,0,0.5,1,10,12,0
1163,1,1.9,0,2,6,0
1805,1,0.5,0,29,0,0
610,1,1.6,1,52,9,0
1533,1,1.1,1,17,18,1
1924,0,0.5,0,63,3,1
1801,0,0.5,1,52,6,0
1726,1,1.9,0,42,1,1
794,0,2.5,1,14,15,0
1686,1,0.5,1,28,4,0
1444,1,2.1,1,6,0,0
1004,0,1.6,1,30,0,1
1242,1,2.4,0,28,8,0
539,0,1.5,0,26,6,1
717,0,1.1,1,14,2,1
1540,0,0.7,1,29,0,1
672,0,0.5,0,35,7,1
1325,1,0.5,0,13,0,1
950,0,0.5,0,55,6,1
948,0,1.5,1,18,6,0
1328,1,0.5,0,27,5,1
1447,0,0.5,0,40,3,0
1973,1,0.5,1,21,3,0
1731,1,2.3,1,60,18,0
1617,0,1.5,0,63,1,1
1791,1,0.5,1,33,1,1
851,0,2.3,1,54,7,1
856,0,1.9,1,14,0,1
714,1,0.5,0,30,1,0
951,0,0.5,0,15,6,1
1303,1,2.1,0,10,6,1
1550,1,2.7,0,32,2,0
1759,1,1.4,0,15,10,1
1448,0,0.5,1,2,18,0
1987,1,1.9,0,50,0,0
908,0,2.1,0,44,1,0
820,0,0.5,1,58,2,0
904,0,2.7,1,19,4,0
667,0,1.3,1,6,4,1
1109,0,2.1,0,34,1,0
1333,0,1.4,0,59,3,1
1352,0,2.4,0,6,5,1
1600,0,2.5,1,19,1,0
1454,0,1.4,1,37,8,0
1489,0,2.1,1,9,0,0
1823,0,2.8,1,10,11,0
1581,1,1,0,41,9,0
1672,1,1.7,1,44,1,1
1283,1,0.7,1,27,0,1
630,0,2,0,14,9,1
659,0,2.2,0,24,0,1
1811,1,0.5,1,32,0,0
688,1,2.5,0,40,9,0
514,1,2.9,1,18,5,0
1933,0,2.8,1,16,1,0
915,0,2,0,31,8,1
1006,0,2.2,1,22,4,1
1134,1,0.9,0,13,2,1
599,1,2.9,0,64,0,1
973,0,0.5,1,53,5,0
1180,1,2.5,0,27,0,1
1237,1,2.5,0,13,7,0
659,0,0.5,1,5,7,1
1142,1,1.4,1,6,6,0
1002,0,2.7,1,11,16,1
1392,0,2.5,0,44,0,1
602,0,0.9,0,50,9,0
1249,1,0.5,0,55,3,1
531,1,0.5,1,12,0,1
1450,0,2.1,0,31,1,0
1342,0,2.8,0,50,1,0
832,1,0.5,0,22,5,1
867,1,1.5,0,57,0,1
1404,0,2.1,0,44,16,0
840,0,0.9,1,33,6,0
1368,0,0.5,0,42,10,1
1927,0,0.9,1,11,3,0
1714,0,0.5,1,31,7,0
1201,1,0.5,0,10,1,1
1796,1,2.3,0,44,4,0
1147,0,0.8,1,28,11,0
776,1,1.7,0,20,0,1
510,0,2.6,0,33,0,0
1045,1,1.2,1,40,3,1
1497,1,0.9,1,10,4,1
1425,1,0.6,0,33,0,1
726,0,2.2,0,40,0,1
1576,1,2,0,20,0,1
714,1,2.1,1,11,5,1
1595,0,1.9,1,63,1,0
541,0,1,0,10,0,1
1617,1,2.6,0,29,14,0
1154,0,1.1,1,5,2,1
1638,0,1,0,2,6,0
1150,1,2.7,0,39,0,0
1254,1,2.3,0,44,0,1
1806,1,2,1,54,2,1
603,0,1.5,0,12,8,0
1834,0,2.1,0,40,7,1
520,0,2.3,0,31,0,1
565,0,0.6,1,50,1,0
1689,1,0.5,0,9,11,0
742,1,2.3,0,21,0,0
1143,0,1.2,1,22,1,1
761,1,0.5,0,3,9,0
959,1,1.3,1,36,0,0
772,1,1.2,1,8,7,1
1015,1,0.8,0,12,5,0
1824,1,1.9,1,2,9,1
1130,1,0.5,1,29,1,1
1183,1,0.5,1,48,3,1
574,1,2,1,26,0,1
1472,0,3,0,20,4,1
1868,1,0.5,0,40,2,1
1375,0,2.9,0,20,2,0
881,0,1,0,64,1,0
1742,1,0.5,1,43,5,1
1225,0,0.7,1,60,6,0
1970,1,0.5,1,15,0,1
1186,1,0.5,1,21,2,0
1762,0,0.7,0,60,7,0
1731,1,1.4,1,4,4,1
852,0,1.8,1,8,5,1
848,1,1.5,1,36,4,1
1575,0,2.5,1,11,0,1
1554,0,2.8,1,23,7,0
1972,1,1.6,0,48,0,0
827,1,0.6,1,35,9,1
1063,0,1.5,0,3,7,0
1695,0,2.3,1,34,1,0
1343,0,2.4,1,14,5,1
834,0,0.5,0,27,2,1
595,0,2.6,0,20,0,1
1081,1,1.9,1,42,13,1
911,0,1.4,1,14,3,0
844,0,2.2,1,22,1,1
1335,1,3,0,60,3,0
1883,0,1.6,0,24,9,0
1128,1,0.5,1,33,6,0
826,1,2.4,1,57,14,1
1650,0,2.3,0,38,0,1
1162,0,1,0,50,0,0
1517,0,2.5,0,8,2,1
963,0,0.5,0,60,1,1
1837,0,1,1,12,5,1
1028,1,2.8,0,30,1,1
1831,1,2.2,1,55,4,0
571,1,2,1,58,5,1
1770,1,2.3,0,9,0,0
970,1,1.3,1,59,5,0
642,1,0.5,0,38,0,1
622,1,1.9,1,11,12,0
600,1,1.8,0,6,9,1
1412,0,0.6,0,57,9,0
733,0,0.8,0,16,7,0
1070,1,3,0,19,9,0
875,1,0.7,1,30,1,0
1994,1,0.7,0,5,5,0
823,0,1,1,18,9,1
1908,0,0.5,0,30,9,1
790,0,0.5,1,44,7,1
1330,1,1.8,1,40,1,0
1660,0,0.5,0,15,2,1
1776,0,2.2,0,20,2,0
1611,0,0.5,1,27,4,1
1410,1,0.5,1,15,0,1
1772,1,1.6,0,45,17,1
1280,1,1.3,0,39,0,1
1712,1,0.9,1,23,2,0
1562,1,0.7,0,55,0,0
891,0,1.9,1,18,1,1
1957,0,1.2,1,36,18,1
1110,0,0.6,0,42,1,0
875,1,1.4,1,43,1,1
1211,1,1.2,0,28,0,0
769,0,0.5,1,54,12,1
671,0,2.9,0,2,7,1
1872,0,0.5,0,26,5,1
1076,0,2.3,1,14,0,1
1325,0,1.9,0,50,2,0
911,1,2.2,1,28,1,1
1273,1,0.7,0,23,1,0
1062,0,0.5,0,39,3,1
1317,0,1.5,0,12,6,0
940,0,2.9,0,16,0,0
729,1,2,0,14,0,0
1494,0,2.4,0,3,6,1
1546,1,1.6,1,27,2,1
1253,0,0.7,0,34,0,1
895,0,0.5,1,16,6,0
793,1,1.9,1,43,0,1
1628,1,1.8,1,56,11,0
625,0,2.7,1,42,2,0
1110,0,1.5,0,12,2,1
999,0,1.7,0,49,6,0
1856,0,0.5,1,24,0,1
1715,0,2.6,1,15,9,1
1897,1,1.9,0,54,2,1
1202,1,2.4,1,19,0,0
1171,1,1.7,1,19,2,0
964,0,2,0,22,0,1
1973,1,2.4,1,46,6,0
1992,1,0.6,1,2,11,0
546,1,2.6,1,26,5,0
1093,0,0.5,0,31,1,1
1880,1,2,0,35,11,0
1765,0,1.1,0,11,3,0
1640,0,0.5,1,36,1,1
1830,0,0.5,0,7,0,0
826,0,0.6,0,62,3,0
1864,0,2.2,0,7,0,1
586,1,0.6,0,42,16,1
1206,0,3,1,30,10,1
832,1,0.5,1,5,1,1
848,1,2.8,0,8,1,0
1851,0,2.9,0,53,0,0
1166,1,0.5,0,59,7,0
1776,1,2.1,1,35,10,0
1254,1,1.2,0,27,2,1
1494,0,1.6,1,24,4,1
984,1,2.2,1,39,0,1
1179,1,0.8,0,5,1,0
513,0,1.9,0,27,8,0
557,0,0.5,1,17,3,0
744,0,1.7,1,33,0,1
1129,1,0.8,1,21,9,1
1148,0,2.3,1,58,0,1
1793,0,2.7,0,44,12,1
1310,0,2.3,1,15,3,0
1604,0,1.2,0,6,1,0
1676,0,1.6,0,37,2,0
1001,0,2.8,1,40,1,0
1086,0,2.7,0,24,0,1
1986,1,0.5,1,39,7,1
634,1,0.8,0,41,5,0
502,0,0.8,0,52,7,0
1641,0,1.1,0,48,6,0
623,0,1.4,1,15,0,1
962,1,1.1,1,17,3,0
1057,1,2.7,0,41,3,1
1862,0,1.5,0,62,1,0
555,1,3,1,38,5,1
1000,0,2.7,0,58,1,1
841,0,0.5,0,11,6,1
865,0,2.9,0,16,5,0
999,0,2.6,1,56,11,1
1232,0,1.2,0,30,12,0
1194,0,2.3,0,34,6,1
612,1,0.5,1,20,1,1
1362,1,2.9,0,47,0,0
1469,0,1.7,1,44,11,1
986,1,0.8,0,28,13,1
1843,0,2.8,0,62,1,1
1561,0,0.5,1,4,10,1
1695,1,0.5,1,47,2,1
667,0,2.6,1,8,3,0
1768,1,2,0,2,0,1
1269,1,2.8,1,41,16,0
1109,1,2.8,1,57,6,0
936,0,0.5,1,14,14,1
1713,1,2,0,5,9,1
1175,1,1.7,1,45,1,1
1940,1,1,1,5,0,1
855,1,0.5,0,59,2,1
771,1,0.5,1,33,0,1
645,0,2.5,0,63,10,1
1307,0,1.8,0,7,2,0
1948,0,2.9,1,5,4,0
1509,0,0.6,1,50,5,0
626,1,2.8,1,11,3,1
1190,0,2,1,40,0,0
1727,1,2.1,1,57,10,0
1670,1,3,0,62,14,0
1150,1,0.5,1,27,4,1
1208,0,2.9,0,16,5,1
1812,1,1.3,1,42,4,1
770,1,1.5,1,61,6,0
1559,1,1.3,1,10,10,1
1902,0,0.5,0,13,10,0
1751,0,2.5,0,4,1,0
1416,1,1.8,1,20,0,0
1288,0,0.5,1,61,3,1
1003,1,2.9,0,16,16,1
1715,1,0.5,1,18,1,1
1967,0,0.5,0,46,0,1
962,0,1,1,2,14,0
1487,0,1.5,0,42,5,1
1569,1,1.6,1,54,4,1
1146,0,3,0,57,5,1
1379,1,1.5,0,9,6,1
1504,0,1.9,1,25,7,1
1945,0,1.2,0,26,3,0
1630,1,2.8,1,32,0,1
1125,1,2.7,0,23,10,0
614,1,0.7,0,51,4,1
854,0,1,0,17,5,1
1470,1,1.7,1,45,6,0
1826,1,0.5,1,49,5,1
807,1,0.5,1,37,0,0
1996,1,2.8,1,7,0,1
1083,1,2,0,41,3,0
1035,0,0.5,1,49,14,1
1521,1,1.6,0,62,5,1
1314,1,2.8,1,5,13,1
535,0,1.9,0,24,5,0
673,1,1.9,0,35,13,1
1219,0,1.6,1,4,5,0
1606,1,0.5,1,33,0,1
1603,1,0.5,1,17,1,1
1958,0,0.5,0,52,6,1
695,0,0.5,0,12,18,1
1441,0,0.6,1,53,0,1
1470,0,2.2,1,33,4,1
1890,0,1.1,0,48,4,1
1152,1,2.1,1,26,0,1
1619,1,0.9,0,20,3,0
1002,1,1.8,0,45,1,0
742,1,0.5,0,36,0,1
1306,1,2.1,1,33,2,1
1424,1,2.9,1,20,0,0
942,0,1.4,1,27,8,0
1934,1,2.7,0,2,8,1
1290,1,1.4,1,35,19,1
930,0,2.1,1,54,0,0
1699,1,0.5,0,21,16,0
1849,1,0.5,0,29,1,0
1922,0,0.5,0,42,15,1
548,0,1,1,56,0,1
916,1,0.5,0,47,0,1
1783,1,0.5,0,14,8,0
1083,1,1.4,1,49,2,1
1698,0,2.8,0,7,10,1
1969,0,0.8,1,7,5,1
869,0,1.9,0,2,0,0
1337,1,2.7,1,5,0,0
637,1,0.8,1,28,2,0
833,1,0.6,1,27,0,1
1248,0,2.4,0,9,6,1
1174,1,0.9,0,30,7,0
1831,1,2.3,0,44,3,1
1002,0,2.6,1,27,7,0
1010,1,2,1,8,2,1
1117,1,0.5,1,21,2,0
990,1,2.7,1,15,3,0
1564,0,1.4,0,26,5,1
1065,0,2.8,1,21,0,1
1982,0,1.1,0,24,12,0
1607,0,1.1,1,20,6,1
1066,0,3,1,5,6,1
681,0,0.5,1,17,12,1
1163,1,2.1,1,19,0,1
1285,0,0.8,1,11,4,1
753,1,0.5,0,48,11,1
1779,1,2.6,1,5,2,0
987,1,1.9,0,52,4,1
511,0,0.9,1,24,15,1
1044,0,1.8,0,12,4,1
1855,0,0.5,0,32,5,0
946,1,1.4,0,26,9,0
657,1,1.9,1,21,2,0
1673,1,1.6,0,42,2,0
731,1,0.5,1,28,0,1
926,1,0.8,0,59,6,1
1261,0,0.5,0,52,3,1
618,0,1.1,0,45,11,1
936,1,2.3,0,57,5,1
1485,1,0.9,1,28,0,1
1339,1,0.5,1,21,10,1
508,1,1.3,0,50,1,0
1938,1,0.5,1,44,5,0
995,0,1.3,1,10,1,0
1086,1,1.7,1,43,0,1
1322,0,2.3,1,35,1,1
1864,0,1.9,1,57,2,0
1944,1,0.5,0,26,1,1
581,0,0.6,0,56,5,1
1020,1,0.7,1,27,3,1
1936,0,1.3,0,44,2,0
1329,1,1.7,0,23,5,1
808,1,0.5,1,46,3,0
994,0,1.2,1,40,4,0
1811,1,2,0,22,3,1
765,1,2.5,0,44,3,0
993,1,2.3,1,16,0,0
1136,1,1.6,0,32,15,0
719,1,0.5,1,23,0,1
733,1,0.6,1,63,0,0
1946,0,2.7,1,8,8,0
1230,1,1.6,0,48,0,1
1577,0,1,1,64,0,1
1514,1,1.4,0,12,3,1
579,1,2.5,0,7,3,0
574,1,3,0,30,1,1
1072,1,2.2,1,19,6,0
843,0,1.3,1,16,1,0
1492,1,1.5,0,11,5,0
1807,1,2.9,0,16,0,0
909,1,0.7,1,47,7,0
1876,0,1.3,1,64,9,1
1436,1,2.4,1,23,3,1
1251,0,0.5,1,29,10,1
636,0,0.5,0,28,8,1
1354,1,0.7,1,26,3,1
930,1,0.5,1,34,3,1
1830,1,1,0,47,7,1
1424,0,0.5,1,23,16,1
583,1,0.9,1,51,1,0
648,1,0.5,1,54,9,1
1203,1,0.5,1,11,0,1
1777,0,2.2,1,15,0,0
1299,1,2.8,1,64,0,0
1494,0,1.9,0,47,2,1
527,0,0.7,1,53,4,0
793,1,2.8,1,64,1,1
873,1,0.5,1,8,6,0
722,0,1.1,0,12,12,0
1250,1,1.5,0,20,14,1
1358,0,1.7,0,60,0,0
1035,1,1.9,1,11,8,0
1289,0,0.8,1,16,3,1
1445,0,2.2,1,37,2,0
1702,1,2.3,1,47,12,1
534,0,0.5,1,2,4,0
628,1,1.8,0,60,5,0
713,0,1.4,1,53,4,0
1207,0,0.5,0,58,0,0
683,1,2.1,0,30,7,0
594,1,2.6,0,27,1,0
537,1,2,0,55,1,1
1565,1,0.5,0,38,0,0
1052,0,0.9,0,6,1,0
713,0,1.6,0,63,4,1
1766,1,0.5,1,16,1,0
584,1,1.7,1,19,1,1
1541,1,1.5,1,5,6,1
837,0,2.4,1,51,1,0
935,1,0.5,1,58,3,1
665,1,0.7,0,31,0,1
680,1,2.4,0,34,13,1
877,0,1.5,1,17,0,1
1493,0,1.5,1,53,13,0
1762,0,0.6,0,26,3,1
842,1,1.8,1,57,4,0
925,1,2.1,0,56,9,0
1692,0,2.1,0,2,4,1
1576,1,2.2,0,5,8,0
1065,0,1.7,1,48,4,1
958,1,1.6,0,60,9,1
623,1,0.8,0,26,6,1
897,0,1.4,1,17,1,0
1110,0,1.5,0,41,4,1
616,1,2.2,0,21,3,1
1680,1,1.2,1,37,6,1
1715,0,1.3,0,12,0,1
983,0,0.6,1,45,0,1
720,1,0.9,1,14,12,1
1660,0,0.6,0,24,2,1
1564,0,1.5,1,42,1,0
592,0,0.8,1,52,1,0
969,0,1.8,1,44,2,1
1356,1,0.5,1,35,0,0
504,1,1,0,14,8,0
1546,1,0.5,1,6,3,1
689,0,2.9,1,7,3,1
1685,0,0.6,0,16,14,0
1792,1,1,0,62,3,1
1786,0,1.2,0,61,11,0
1944,0,0.6,1,59,9,1
1077,1,2.5,0,49,13,1
648,1,1.8,0,60,1,1
1702,1,0.5,1,2,8,0
1571,0,2.9,0,30,1,0
856,1,1.1,1,19,14,1
1786,0,2.6,0,14,6,0
914,1,0.7,0,60,1,1
1615,1,2.8,0,9,3,0
649,1,1.4,0,19,4,1
1646,0,2.5,0,25,3,1
1189,1,1.9,0,7,5,0
1043,0,2.7,0,29,3,0
1920,0,0.6,1,19,3,1
1220,1,2.8,0,54,1,0
1748,1,0.5,1,53,11,1
907,1,2.6,1,44,7,0
1193,1,2.3,0,20,7,0
1766,1,0.5,1,22,1,1
1278,1,1,0,24,7,1
1234,0,1.7,1,17,8,0
1961,1,1.5,0,55,10,0
1745,0,2.9,0,3,0,1
1442,0,0.6,1,27,1,0
1083,1,2.9,1,39,1,1
868,1,0.9,0,5,5,0
864,0,1.6,1,53,0,1
1142,1,1.2,0,2,0,0
608,1,0.5,1,64,0,0
983,0,1.8,0,53,0,1
1720,0,1.6,0,2,18,1
1802,1,1.2,1,27,8,0
591,0,2.1,1,16,18,1
1205,1,2.7,0,10,5,0
1369,1,1.7,1,28,3,0
713,0,0.9,1,42,0,0
1082,0,2.3,1,2,11,0
1719,1,2.1,1,52,0,0
1544,0,2.4,0,12,18,1
1090,1,2.3,0,8,1,1
1991,0,2.8,0,15,3,1
1367,0,2.9,0,56,4,0
1179,1,0.5,0,32,7,1
721,1,2.7,1,15,1,1
1549,1,1.8,1,62,0,0
1349,1,2.1,1,46,3,0
1799,0,1,0,30,1,1
1075,0,0.5,1,11,2,0
684,1,0.9,1,63,3,1
1837,0,0.5,0,36,9,0
1619,1,1.9,0,21,2,1
965,1,1.4,0,13,1,0
730,0,1.5,0,9,9,0
1361,1,1.4,0,47,1,0
1494,0,1.6,0,45,3,1
1027,1,0.8,0,18,7,0
1807,0,0.8,1,38,0,1
709,0,2.4,1,11,1,0
689,0,1.4,0,45,2,0
955,1,0.5,0,2,2,0
1872,1,1.9,0,35,5,0
1259,0,1.2,1,13,0,0
695,0,1.2,0,41,1,1
1969,0,1.2,1,63,9,0
759,0,2.5,0,39,3,1
936,0,1,0,18,1,0
1176,1,2.1,0,62,2,1
1802,0,2.7,1,10,0,1
772,0,1,1,23,0,1
1318,1,2.4,0,45,1,1
591,1,0.5,1,16,1,1
569,1,2.5,1,41,0,0
764,0,1,1,45,9,1
1056,1,2.1,1,37,8,1
1982,1,1.6,0,12,2,1
1830,1,0.5,0,14,5,0
1122,0,0.5,0,40,0,1
1023,1,0.7,0,63,2,1
1283,1,2.4,1,33,8,1
1602,0,1.6,1,35,0,1
732,1,1.3,0,32,5,1
1854,0,0.9,1,33,0,1
718,1,1.6,1,30,1,1
897,1,2,0,2,3,1
1405,0,1.7,0,8,0,0
798,0,0.6,1,21,6,1
1035,1,2.7,0,40,1,0
1396,1,0.6,0,37,0,0
1749,1,0.5,1,49,7,1
1588,1,2.5,0,4,12,1
1600,0,0.5,0,16,1,1
1522,0,2.2,0,21,4,0
1279,1,2.5,0,7,5,1
719,0,2.9,0,6,7,0
544,1,0.5,1,7,2,1
1007,1,2.9,1,21,5,1
590,1,1.2,1,32,0,0
1788,0,0.5,0,6,0,1
748,0,1.4,0,25,0,0
757,1,0.9,1,64,4,0
1561,1,1.6,1,27,1,1
1327,0,2.8,0,23,10,0
797,1,1.5,1,18,4,0
727,1,2.5,1,64,0,1
686,1,2.7,1,36,0,0
1515,1,2.1,1,24,4,1
555,1,0.5,1,17,2,0
1589,0,0.6,0,5,0,0
1976,1,2.6,1,45,6,0
1884,0,1,1,24,3,0
1063,0,2,0,27,0,0
672,1,0.6,1,61,13,0
635,1,0.5,0,16,9,0
1906,1,1.9,1,55,3,0
1753,0,0.7,0,40,4,0
659,0,1.4,1,3,2,1
1583,0,1.2,1,14,0,0
1783,0,2.9,1,42,2,0
1667,0,1,1,21,0,1
640,0,1.3,1,6,5,1
1913,1,1.8,0,29,0,0
538,0,1.1,1,25,0,1
1191,0,0.8,0,46,6,1
816,0,3,1,9,2,0
915,1,0.5,1,33,9,1
1157,1,0.8,0,27,7,0
1201,1,0.5,0,10,2,0
1379,0,1.1,1,18,1,1
1483,1,2.2,0,53,3,1
1614,0,1.2,0,9,1,1
930,1,1,1,4,4,1
1454,0,2.6,0,6,8,0
1784,0,1.6,0,41,4,0
1262,0,1.8,1,34,12,0
797,0,2.2,1,37,0,0
1829,1,2.1,0,59,8,0
1139,1,0.9,1,58,6,1
618,1,1,0,13,9,1
1547,1,2.9,0,57,2,0
586,0,2.8,0,15,2,0
1617,1,2.4,0,36,8,1
1882,0,2,0,44,11,1
674,1,2.9,1,21,1,0
1467,1,0.5,0,18,0,0
858,0,2.2,0,50,1,0
794,1,0.5,1,2,0,1
1965,1,2.6,1,39,0,0
1911,0,0.9,1,36,1,1
1512,0,0.9,0,46,4,1
510,1,2,1,45,5,1